Content,Video title,Video publish time,Impressions,Impressions click-through rate (%),Views,Average view duration,Watch time (hours)
Total,,,2134728,2.86,92069,0:05:12,7994.4935
3lvVJ2tRNWI,[LIVE] ESPORT7 MEDIA TOURNAMENT - GRAND FINAL,"Feb 19, 2023",313884,2.05,8094,0:04:19,582.6903
e3LjGPUyuBA,[LIVE] FUN MATCH MOBILE LEGENDS - INEWS TV VS TRANSTV | ESPORTS TRANS7,"Feb 8, 2023",45090,6.85,3743,0:02:25,150.9075
A2wA9kC9TE0,[LIVE] ESPORT7 MEDIA TOURNAMENT - PLAYOFF DAY 2,"Feb 17, 2023",125710,2.06,3466,0:06:29,374.5782
sd06cjJEQog,[LIVE] FUN MATCH MOBILE LEGENDS - CNBC IND VS METROTV | ESPORTS TRANS7,"Mar 16, 2023",56147,5.23,3329,0:02:27,136.5802
lC6gDq4Mofg,[LIVE] ESPORT7 MEDIA TOURNAMENT - PLAYOFF DAY 1,"Feb 15, 2023",21768,6.24,2531,0:10:35,447.0201
5YGBpF0dIJc,[LIVE] FUN MATCH MOBILE LEGENDS - SCTV VS T7 ESPORT | ESPORTS TRANS7,"Feb 3, 2023",114215,0.67,2523,0:06:00,252.6687
SrdHJbyMZsw,[LIVE] FUN MATCH MOBILE LEGENDS - {SMA HUTAMA VS SMK BPSK 2} - {ESPORT7 VS CNN IND} | ESPORTS TRANS7,"May 23, 2023",25285,7.8,2442,0:05:39,230.217
qmlcGdvXpNk,GRAND FINAL TURNAMEN ESPORT MOBILE LEGENDS RAMADAN CUP 2023 #mobilelegends #ramadan #esport7official,"Apr 12, 2023",1432,3.7,2275,0:00:18,11.914
HylQBX9fcUQ,[LIVE] FUN MATCH MOBILE LEGENDS - NET. TV VS TRANSTV | ESPORTS TRANS7,"Jan 26, 2023",71398,1.86,2188,0:08:14,300.6895
nKIIv315X54,[LIVE] FUN MATCH MOBILE LEGENDS - DETIKCOM VS TRANSVISION | ESPORTS TRANS7,"Feb 9, 2023",82035,0.94,1911,0:04:43,150.7494
qcONR2q0Lx4,[LIVE] FINAL MOBILE LEGENDS ESPORTS TRANS7 17AN 2022,"Aug 19, 2022",58389,2.39,1769,0:05:32,163.2924
_JxeHqzJvkg,[LIVE] FUN MATCH MOBILE LEGENDS - TRANSTV VS SCTV | ESPORTS TRANS7,"Jan 31, 2023",24948,3.94,1664,0:03:31,97.5306
E5RHV89EdUk,[LIVE] FUN MATCH MOBILE LEGENDS - MNCTV VS T7 ESPORT | ESPORTS TRANS7,"Mar 8, 2023",25661,5.35,1590,0:02:25,64.0718
VZYVVqjp8ok,[LIVE] FUN MATCH MOBILE LEGENDS - CNN IND TV VS SEATODAY TV | ESPORTS TRANS7,"Jan 25, 2023",65886,1.27,1449,0:09:23,226.766
PxD6YNh0o-o,[LIVE] FUN MATCH MOBILE LEGENDS - {SMA HUTAMA VS SMK HUTAMA} - {OCTAGRAMA VS T1} | ESPORTS TRANS7,"May 16, 2023",15464,5.09,1360,0:06:12,140.876
b-TX1YZtzvc,[LIVE] ESPORT7 RAMADAN CUP 2023 MOBILE LEGENDS - PLAYOFF DAY 1,"Mar 21, 2023",41157,2.51,1355,0:06:58,157.5855
cgg4igkX-1s,PLAYOFF ESPORT7 ARENA SERIES 2023 (Mobile Legends),"Feb 24, 2023",39809,2.03,1265,0:04:41,98.7446
KA1aptdITgI,[LIVE] FUN MATCH MOBILE LEGENDS - RANS ESPORT VS TRANSTV | ESPORTS TRANS7,"Jan 7, 2023",9578,11.43,1263,0:03:27,72.6745
HdITy--ZVk4,ESPORT7 MEDIA TOURNAMENT - KOMPAS TV VS NTMC 2 - GAME 2,"Feb 23, 2023",44649,2.57,1243,0:01:03,21.9702
M1AfWxYikuw,[LIVE] FUN MATCH MOBILE LEGENDS - KOPI RECOFFEERY VS T7 ESPORT | ESPORTS TRANS7,"Jan 21, 2023",50214,1.66,1146,0:03:56,75.1405
U44SQ_DdPMo,[LIVE] FUN MATCH MOBILE LEGENDS - KUMPARAN VS T7 ESPORT | ESPORTS TRANS7,"Feb 8, 2023",16996,4.36,1027,0:07:06,121.6383
xSxgT5nkIJk,[LIVE] FUN MATCH MOBILE LEGENDS - DETIKCOM VS TVRI | ESPORTS TRANS7,"Jan 24, 2023",16300,3.67,991,0:19:21,319.7808
4piCOEoVN8Q,ESPORT7 RAMADAN CUP MOBILE LEGENDS - ROROHEIHEI #mobilelegends #ramadan #esport7official,"Apr 15, 2023",1369,2.34,980,0:00:14,4.0253
o3Y9usKfI2A,PUBGM COMPETITION ESPORTS7 ARENA 2023,"Mar 9, 2023",9157,5.34,972,0:06:23,103.4715
rMReHt0OCU4,[LIVE] FUN MATCH MOBILE LEGENDS - RTV VS T7 ESPORT | ESPORTS TRANS7,"Jan 31, 2023",18676,3.52,955,0:11:06,176.9289
brqJjt7I8OU,ESPORTS7 ARENA SERIES SPECIAL RAMADAN - PUBG MOBILE LADIES,"Apr 16, 2023",7228,5.15,850,0:08:00,113.4668
1GmaWY92Clk,[LIVE] ESPORT7 RAMADAN CUP 2023 MOBILE LEGENDS - FINAL UPPER BRACKET,"Apr 11, 2023",30599,2.45,836,0:03:23,47.3677
YyD1bRtelK8,[LIVE] ESPORT7 RAMADAN CUP 2023 MOBILE LEGENDS - PLAYOFF DAY 2,"Mar 23, 2023",6843,7.94,829,0:09:32,131.7835
trkJD8X7UgE,[LIVE] FUN MATCH MOBILE LEGENDS - CNBC IND TV VS TRANSTV | ESPORTS TRANS7,"Jan 21, 2023",51177,1.24,827,0:03:18,45.6256
iTIKaakyd7o,[LIVE] ESPORT7 RAMADAN CUP 2023 MOBILE LEGENDS - GRAND FINAL & FINAL LOWER BRACKET,"Apr 15, 2023",11667,5.18,785,0:07:32,98.7602
vH3rD-8g3_k,[LIVE] FUN MATCH MOBILE LEGENDS - T7 ESPORT VS TVRI | ESPORTS TRANS7,"Dec 29, 2022",11871,4.05,771,0:05:43,73.5526
6617PaRmGcQ,[LIVE] FUN MATCH MOBILE LEGENDS - CNN IND.COM VS CNBC IND TV | ESPORTS TRANS7,"Jan 20, 2023",9708,5.17,770,0:03:49,49.1348
GMEE-yhd8BY,[LIVE] FUN MATCH MOBILE LEGENDS - T7 ESPORT VS METROTV | ESPORTS TRANS7,"Dec 31, 2022",17799,3.53,762,0:02:20,29.7892
vbTP_cz3pHg,[LIVE] FUN MATCH MOBILE LEGENDS - SMK HUTAMA VS RICEBOX RANGERS | ESPORTS TRANS7,"May 11, 2023",6887,5.02,735,0:08:56,109.5283
KfsizAi7T68,[LIVE] FUN MATCH MOBILE LEGENDS - DETIK.COM VS PANASONIC | ESPORTS TRANS7,"Dec 29, 2022",35376,1.65,733,0:03:12,39.2706
FqP1XZln07g,FUN MATCH MOBILE LEGENDS ESPORT7 #esport7official #mobilelegends #funmatch,"May 19, 2023",407,3.44,726,0:00:16,3.3986
_MrRh3E6InA,[LIVE] FUN MATCH MOBILE LEGENDS - DETIKCOM VS SENSEI SHORI | ESPORTS TRANS7,"Mar 18, 2023",10755,5.02,723,0:03:24,41.1662
vnA4IoTIbSU,[LIVE] FUN MATCH MOBILE LEGENDS - CNN.COM VS METRO TV | ESPORTS TRANS7,"Jan 18, 2023",12522,3.93,698,0:03:37,42.1309
kizkhOg4Ohc,[LIVE] FUN MATCH MOBILE LEGENDS - MOLA TV VS TRANSTV | ESPORTS TRANS7,"Jan 19, 2023",10383,4.32,690,0:06:42,77.0537
heCBjp76kOs,[LIVE] FUN MATCH MOBILE LEGENDS - T7 ESPORT VS RANS ESPORT | ESPORTS TRANS7,"Dec 30, 2022",12462,4.2,685,0:02:41,30.6521
dRfNSGUrLiI,[LIVE] FUN MATCH MOBILE LEGENDS - RECOFFEERY VS CNN INDONESIA | ESPORTS TRANS7,"Mar 9, 2023",11915,4.09,677,0:07:32,85.1399
rVv8UDaGBDo,[LIVE] FUN MATCH MOBILE LEGENDS - KINCIR VS SENSEI COMPANY | ESPORTS TRANS7,"Feb 3, 2023",13924,2.15,644,0:06:20,67.9231
PBqJ5_0hu2Y,[LIVE] FUN MATCH MOBILE LEGENDS - TRANSVISION VS MEDIA GROUP NETWORK | ESPORTS TRANS7,"Jan 28, 2023",9142,4.08,633,0:09:26,99.5868
S8GjAhEfAgg,[LIVE] ESPORT7 RAMADAN CUP 2023 MOBILE LEGENDS - SEMIFINAL UPPER BRACKET,"Mar 30, 2023",8593,5.32,605,0:08:53,89.6468
uggrNppamew,[LIVE] FUN MATCH MOBILE LEGENDS - NTMC POLRI VS DETIKCOM | ESPORTS TRANS7,"Feb 7, 2023",9929,4.2,598,0:07:39,76.3426
9TvS_lwnYGk,[LIVE] FUN MATCH MOBILE LEGENDS - KOMPAS TV VS T7 ESPORT | ESPORTS TRANS7,"Jan 11, 2023",19454,2.58,589,0:01:54,18.7241
8eFe85QiLP8,[LIVE] FUN MATCH MOBILE LEGENDS - DETIKCOM VS T7 ESPORT | ESPORTS TRANS7,"Jan 31, 2023",5962,7.15,577,0:03:28,33.4838
fIHxub3O5_0,[LIVE] FUN MATCH MOBILE LEGENDS - INDIHOME TV VS T7 ESPORT | ESPORTS TRANS7,"Feb 1, 2023",14081,2.39,569,0:10:52,103.1947
oOsTcP43J7U,[LIVE] FUN MATCH MOBILE LEGENDS - NTMC POLRI ESPORT VS T7 ESPORT | ESPORTS TRANS7,"Feb 2, 2023",17989,2.03,568,0:06:52,65.0114
wP3oYMjH2QQ,[LIVE] FUN MATCH MOBILE LEGENDS - DETIKCOM VS CNBC TV | ESPORTS TRANS7,"Jan 17, 2023",15081,2.49,568,0:04:35,43.4496
5Rp_cKM7yho,[LIVE] FUN MATCH MOBILE LEGENDS - RRQ AC NAMIE VS T7 ESPORT | ESPORTS TRANS7,"Jan 6, 2023",8715,3.37,549,0:04:34,41.9187
NKRhspD9JOk,[LIVE] FUN MATCH MOBILE LEGENDS - SEATODAY TV VS T7 ESPORT | ESPORTS TRANS7,"Jan 7, 2023",13836,2.45,527,0:05:12,45.7069
tHnEWIRxZXk,[LIVE] FUN MATCH MOBILE LEGENDS - TRANSVISION VS MOLA TV | ESPORTS TRANS7,"Jan 27, 2023",6629,4.63,526,0:04:47,41.9487
A77QtKd3Dqs,ESPORT7 RAMADAN CUP 2023 MOBILE LEGENDS - DETIKCOM YORU #mobilelegends #ramadan #esport7official,"Apr 14, 2023",1163,2.41,525,0:00:12,1.8845
CyWfiqBi4iA,[LIVE] FUN MATCH MOBILE LEGENDS - TELKOM UNIVERSITY VS SENSEI.COMPANY | ESPORTS TRANS7,"Feb 11, 2023",7373,4.72,519,0:04:05,35.3881
CoM_xsJKDnQ,[LIVE] FUN MATCH MOBILE LEGENDS - MEDIA GROUP NETWORK VS T7 ESPORT | ESPORTS TRANS7,"Feb 7, 2023",5105,6.11,499,0:08:36,71.5818
o9qBAp-9JXs,[LIVE] FUN MATCH MOBILE LEGENDS - TRIBUNNEWS.COM VS CNN IND COM | ESPORTS TRANS7,"Jan 26, 2023",7079,5.35,491,0:04:18,35.2521
tFl2azPD_q8,[LIVE] FUN MATCH MOBILE LEGENDS - TOJOS GAMING VS TRANSTV | ESPORTS TRANS7,"Feb 10, 2023",5451,5.96,491,0:05:31,45.1794
hRbhqGr9d34,[LIVE] FUN MATCH MOBILE LEGENDS - BPJS VS T7 ESPORT | ESPORTS TRANS7,"Jan 28, 2023",6989,4.18,486,0:07:08,57.9089
UMxCTW4zqoA,Esports7 Arena Ramadan Series 2023 [Mobile Legends:Bang Bang],"Apr 4, 2023",5583,5.66,483,0:07:54,63.6269
4ftfFExhqfM,[LIVE] FUN MATCH MOBILE LEGENDS - SARIAGRI.ID VS T7 ESPORT | ESPORTS TRANS7,"Feb 10, 2023",8421,3.57,481,0:07:04,56.6636
3Ay27USnNKg,[LIVE] FUN MATCH MOBILE LEGENDS - CNBC IND TV VS KOMPAS TV | ESPORTS TRANS7,"Jan 25, 2023",7587,4.63,469,0:07:12,56.3181
JXLMYmvqDN4,[LIVE] FUN MATCH MOBILE LEGENDS - RANS ESPORT VS DETIK.COM | ESPORTS TRANS7,"Jan 6, 2023",10095,3.23,455,0:06:36,50.1321
mwMbUC9Ugk4,[LIVE] FUN MATCH MOBILE LEGENDS - T7 ESPORT VS DETIK.COM | ESPORTS TRANS7,"Dec 24, 2022",13757,2.38,453,0:04:58,37.3567
oM24TPG9wmY,FUN MATCH MOBILE LEGENDS  - T7 ESPORT VS CNN.COM | PART 2 | ESPORTS TRANS7,"Dec 31, 2022",17105,2.02,435,0:01:23,10.1232
eP0QZvrBgoM,[LIVE] FUN MATCH MOBILE LEGENDS - {ESPORT7 VS CNBC IND} - {ESPORT7 VS RECOFFEERY} | ESPORTS TRANS7,"May 18, 2023",5794,5.82,429,0:07:04,50.5917
2h9H6Geki_I,[LIVE] FUN MATCH MOBILE LEGENDS - REVIVAL TV VS T7 ESPORT | ESPORTS TRANS7,"Jan 27, 2023",5715,4.71,402,0:05:50,39.1241
bZ0wU8WAALQ,FUN MATCH MOBILE LEGENDS  - T7 ESPORT VS KINCIR | ESPORTS TRANS7,"Dec 26, 2022",11649,2.83,400,0:01:46,11.8291
nUwtFWEIV30,[LIVE] FUN MATCH MOBILE LEGENDS - CNBC TV VS T7 ESPORT | ESPORTS TRANS7,"Jan 18, 2023",5629,5.19,399,0:04:26,29.55
3lneBMEyABg,[LIVE] ESPORT7 RAMADAN CUP 2023 MOBILE LEGENDS - QUARTER FINAL LOWER BRACKET,"Apr 6, 2023",7326,4.15,394,0:06:58,45.7661
mq08r141XjY,[LIVE] ESPORT7 RAMADAN CUP 2023 MOBILE LEGENDS - PLAYOFF DAY 3,"Mar 28, 2023",5223,5.02,387,0:05:52,37.8902
Jc9FEP-sZVA,[LIVE] FUN MATCH MOBILE LEGENDS - T7 ESPORT VS NET. | ESPORTS TRANS7,"Dec 24, 2022",9781,2.29,380,0:09:59,63.2644
rFpuOeb0EVs,[LIVE] FUN MATCH MOBILE LEGENDS - T7 ESPORT VS B4 | ESPORTS TRANS7,"Dec 30, 2022",7024,4.09,369,0:03:39,22.5285
IEK4FrkAbso,[LIVE] FUN MATCH MOBILE LEGENDS - MOLA TV VS T7 ESPORT | ESPORTS TRANS7,"Jan 13, 2023",3946,3.95,365,0:06:52,41.8055
ZRWBIApoiZs,[LIVE] FUN MATCH MOBILE LEGENDS - TVONE VS T7 ESPORT | ESPORTS TRANS7,"Feb 9, 2023",4243,6.65,356,0:06:29,38.5084
iAtB2qrkMUs,[LIVE] ESPORT7 RAMADAN CUP 2023 MOBILE LEGENDS - SEMIFINAL LOWER BRACKET,"Apr 10, 2023",6583,4.12,345,0:07:14,41.6655
xWVixxUbuSo,[LIVE] FUN MATCH MOBILE LEGENDS - DETIKCOM VS TIGER WONG | ESPORTS TRANS7,"Mar 11, 2023",4664,4.07,344,0:05:26,31.2112
1LhfcTe3AmA,ESPORT7 RAMADAN CUP 2023 MOBILE LEGENDS - ROROHEIHEI,"Apr 15, 2023",11038,2.69,324,0:00:39,3.5722
U11yyUBIqj4,[LIVE] FUN MATCH MOBILE LEGENDS - MEDCOM.ID VS T7 ESPORT | ESPORTS TRANS7,"Jan 17, 2023",6469,3.14,320,0:05:25,28.8211
z__j0KZM7C4,[LIVE] FUN MATCH MOBILE LEGENDS - T7 ESPORT VS WARKOP | ESPORTS TRANS7,"Dec 27, 2022",21014,0.98,315,0:05:37,29.5592
Ess3OOLGlUU,[LIVE] FUN MATCH MOBILE LEGENDS - DETIKCOM VS MEDCOM.ID | ESPORTS TRANS7,"Jan 20, 2023",3929,5.24,312,0:07:28,38.8635
0ojxKZ5o_u4,[LIVE] FUN MATCH MOBILE LEGENDS - TRANSVISION VS MOLA TV | ESPORTS TRANS7,"Mar 11, 2023",7372,2.86,308,0:07:44,39.7143
JqBowtaiyy8,[LIVE] FUN MATCH MOBILE LEGENDS - ROROHEIHEI VS KINGS GAHANA | ESPORTS TRANS7,"Mar 14, 2023",5832,3.46,303,0:06:52,34.6367
yufCH_5-2EY,[LIVE] FUN MATCH MOBILE LEGENDS - CXO MEDIA VS T7 ESPORT | ESPORTS TRANS7,"Jan 12, 2023",2940,4.35,297,0:08:01,39.7611
B2dVkozL738,[LIVE] FUN MATCH MOBILE LEGENDS - T7 ESPORT VS SENSEI.COMPANY | ESPORTS TRANS7,"Dec 31, 2022",5225,3.85,292,0:04:43,22.9815
WC_VKjdkwYE,ESPORT7 MEDIA TOURNAMENT - GRAND FINAL - DETIKCOM YORU VS NTMC 2 - GAME 3,"Mar 4, 2023",4238,5.99,289,0:01:22,6.584
dxQTZEQCQo8,[LIVE] FUN MATCH MOBILE LEGENDS - CXO MEDIA VS TRANSTV | ESPORTS TRANS7,"Jan 14, 2023",6051,2.88,283,0:07:38,36.076
xVuNbnDXl3c,ESPORT7 RAMADAN CUP 2023 MOBILE LEGENDS - OCTAGRAMA #mobilelegends #ramadan #esport7official,"Apr 13, 2023",644,4.97,280,0:00:15,1.2095
hfuFOtMoGxA,[LIVE] FUN MATCH MOBILE LEGENDS - TOJOS GAMING VS T7 ESPORT | ESPORTS TRANS7,"Jan 12, 2023",4354,4.23,274,0:03:41,16.8586
B-WrRFxZu_s,[LIVE] FUN MATCH MOBILE LEGENDS - ANTV VS T7 ESPORT | ESPORTS TRANS7,"Jan 19, 2023",3300,5.3,267,0:08:47,39.1292
Mr0EaUE5rsA,[LIVE] FUN MATCH MOBILE LEGENDS - INDIHOME TV VS ESPORT7 | ESPORTS TRANS7,"May 9, 2023",4108,4.48,263,0:09:12,40.3333
VwJ9Vk4XU3I,[LIVE] FUN MATCH MOBILE LEGENDS - FIRST DISCOVERY VS T7 ESPORT | ESPORTS TRANS7,"Feb 2, 2023",4613,4.18,261,0:05:54,25.6898
n2CXS5LTfqk,FUN MATCH MOBILE LEGENDS  - T7 ESPORT VS CNN.COM | PART 1 | ESPORTS TRANS7,"Dec 31, 2022",10907,1.77,261,0:01:19,5.7986
0xDHHVfXr6s,[LIVE] FUN MATCH MOBILE LEGENDS - CXO MEDIA VS DETIKCOM | ESPORTS TRANS7,"Jan 13, 2023",3781,4.39,253,0:05:55,24.9876
NBHcXgny-dY,[LIVE] FUN MATCH MOBILE LEGENDS - SENSEI COMPANY VS DETIK.COM | ESPORTS TRANS7,"Jan 10, 2023",4871,3.31,253,0:05:16,22.2767
aMcDbGzvIf4,[LIVE] FUN MATCH MOBILE LEGENDS - T7 ESPORT VS RS PREMIER JATINEGARA | ESPORTS TRANS7,"Jan 5, 2023",3361,4.7,248,0:07:02,29.1186
gpQ4WFwENUc,ESPORT7 ARENA SERIES SPECIAL RAMADAN - FREE FIRE,"Mar 24, 2023",4948,3.64,248,0:02:39,11.0085
LsGxcP5Ii9M,ESPORT7 ARENA SERIES SPECIAL RAMADAN - FREE FIRE,"Mar 24, 2023",3390,5.9,246,0:02:07,8.7171
EQuzqUN2rlw,[LIVE] FUN MATCH MOBILE LEGENDS - T7 ESPORT VS PANASONIC | ESPORTS TRANS7,"Dec 27, 2022",2603,4.23,239,0:05:43,22.7906
amETo0zbuZg,[LIVE] FUN MATCH MOBILE LEGENDS - T7 ESPORT VS DOC | ESPORTS TRANS7,"Nov 30, 2022",2901,4.31,235,0:06:00,23.5456
ZTqx8f_BKqI,[LIVE] FUN MATCH MOBILE LEGENDS - ROAMERNYA JAGO VS BETKLIK ESPORTS | ESPORTS TRANS7,"Mar 15, 2023",4385,3.9,232,0:03:04,11.9163
9z-oG3ljvtk,[LIVE] FUN MATCH MOBILE LEGENDS - T7 ESPORTS VS WARBEH ESPORT | ESPORTS TRANS7,"Dec 22, 2022",2595,4.47,230,0:04:27,17.0735
Q4GgOr4eeJQ,[LIVE] FUN MATCH MOBILE LEGENDS - T7 ESPORT VS MABES | ESPORTS TRANS7,"Jan 5, 2023",3388,3.9,229,0:05:18,20.2378
v--7401w-TY,ESPORT7 MEDIA TOURNAMENT - CNN IND TV 1 VS INEWS TV - GAME 1,"Feb 24, 2023",4331,3.28,221,0:01:27,5.389
vWzZFrutc7g,[LIVE] FUN MATCH MOBILE LEGENDS - SENSEI.COMPANY VS SAKARUHUN | ESPORTS TRANS7,"Feb 11, 2023",3666,3.98,196,0:04:36,15.0708
Y8Y_FDhgg7Y,[LIVE] FUN MATCH MOBILE LEGENDS - KUMPARAN VS T7 ESPORT | ESPORTS TRANS7,"Mar 7, 2023",2804,4.53,175,0:05:12,15.1793
4a6vyepnDxM,ESPORT7 MEDIA TOURNAMENT - TVRI NASIONAL VS DETIKOM YORU - GAME 1,"Feb 21, 2023",3889,3.6,171,0:01:45,4.9885
0ZnAnqUxV_s,[LIVE] FUN MATCH MOBILE LEGENDS | ESPORTS TRANS7,"Dec 8, 2022",3821,3.17,164,0:04:06,11.2482
NnqMsz4Qv7s,[LIVE] FUN MATCH MOBILE LEGENDS - T7 ESPORT VS KAI WISATA | ESPORTS TRANS7,"Jan 4, 2023",2701,3.63,164,0:08:30,23.2752
J48OAk-hjZ8,[LIVE] FUN MATCH MOBILE LEGENDS - T7 ESPORT VS TIGER WONG ENTERTAINMENT | ESPORTS TRANS7,"Dec 29, 2022",8909,1.16,161,0:08:44,23.4529
kZBL5DK4cYc,ESPORT7 MEDIA TOURNAMENT - KOMPAS TV VS NTMC 2 - GAME 1,"Feb 23, 2023",6717,2.04,154,0:01:15,3.2084
DKesyLJGDUE,ESPORT7 MEDIA TOURNAMENT - DETIKOM GOGO VS MOLA LEGENDS - GAME 1,"Feb 22, 2023",4977,2.73,152,0:01:19,3.3553
dQKE63Gsghc,[LIVE] FUN MATCH PUBG MOBILE - T7 ESPORT VS PUBLIC | ESPORTS TRANS7,"Jan 14, 2023",1786,4.03,126,0:01:47,3.7642
C5qmZOH5LrM,[LIVE] FUN MATCH MOBILE LEGENDS | ESPORTS TRANS7,"Dec 1, 2022",5086,1.59,124,0:05:37,11.6365
hg7ucGEOFZc,ESPORT7 MEDIA TOURNAMENT - CNN IND TV 1 VS INEWS TV - GAME 2,"Feb 24, 2023",4351,2.3,120,0:01:45,3.5092
9zQ_t9PDdU0,ESPORT7 MEDIA TOURNAMENT - TVRI NASIONAL VS DETIKOM YORU - GAME 2,"Feb 21, 2023",2724,3.63,117,0:01:58,3.8517
dRDd5abZYrQ,TURNAMEN ESPORT MOBILE LEGENDS HARI PERS NASIONAL 2023  #mobilelegends #haripersnasional #esport7,"Feb 7, 2023",2739,2.45,116,0:00:19,0.6141
2TqbeSvxhrM,ESPORT7 MEDIA TOURNAMENT - GRAND FINAL - DETIKCOM YORU VS NTMC 2 - GAME 1,"Mar 4, 2023",5145,2,115,0:02:13,4.2551
tBJauG9BWYw,ESPORT7 MEDIA TOURNAMENT - UPPER BRACKET SEMI FINAL - DETIKCOM YORU VS MOLA LEGENDS - GAME 2,"Feb 27, 2023",2612,3.1,95,0:01:16,2.0227
uQhcI9SxK_Y,TURNAMEN ESPORT MOBILE LEGENDS RAMADAN CUP 2023 #mobilelegends #ramadhan #esport7official,"Mar 15, 2023",3278,1.25,95,0:00:22,0.6055
 -AJIm0_vluI,FUN MATCH MOBILE LEGENDS ESPORT7,"May 19, 2023",2586,2.82,89,0:00:21,0.5215
wTMFxZjSfdI,ESPORT7 RAMADAN CUP 2023 MOBILE LEGENDS - DETIKCOM YORU,"Apr 14, 2023",6478,1.11,79,0:00:50,1.1022
kuis3xGe7z8,ESPORT7 RAMADAN CUP 2023 MOBILE LEGENDS - OCTAGRAMA,"Apr 13, 2023",5266,1.06,77,0:01:02,1.3352
L9EqG8RK-MM,NGABUBURIT BARENG TRANS7 | MOBILE LEGENDS,"Apr 4, 2022",426,14.32,72,0:01:21,1.6205
ONwLjzYuJyc,ESPORT7 MEDIA TOURNAMENT - GRAND FINAL - DETIKCOM YORU VS NTMC 2 - GAME 2,"Mar 4, 2023",3561,1.74,71,0:01:50,2.1785
6t0Nm8o6L64,ESPORTS7 RAMADAN WAR ARENA | PLAYOFFS HARI 2,"Apr 30, 2022",1285,4.59,69,0:02:06,2.4258
ykl8sS5V7Qw,[LIVE] FUN MATCH MAGIC CHESS MOBILE LEGENDS | ESPORTS TRANS7,"Jan 11, 2023",1467,2.04,68,0:02:39,3.0201
SOZOHZKSqA4,ESPORT7 MEDIA TOURNAMENT - UPPER BRACKET FINAL - DETIKCOM YORU VS NTMC 2 - GAME 2,"Mar 1, 2023",4171,1.37,65,0:02:16,2.4661
 -uz2Yolt2V4,ESPORTS7 RAMADAN WAR ARENA | PLAYOFFS HARI 1,"Apr 29, 2022",563,9.06,62,0:04:13,4.3697
k8ro8mGqswg,[LIVE] FUN MATCH MOBILE LEGENDS - CNN.COM VS METRO TV | ESPORTS TRANS7,"Jan 17, 2023",147,25.85,61,0:01:40,1.711
intgEc-XtE8,ESPORT7 MEDIA TOURNAMENT - DETIKOM GOGO VS MOLA LEGENDS - GAME 3,"Feb 22, 2023",2491,1.93,59,0:01:44,1.7185
0Fzg-HMpnmo,[LIVE] FUN MATCH MOBILE LEGENDS - T7 ESPORT VS KINCIR | ESPORTS TRANS7,,94,21.28,58,0:09:14,8.9412
qH22kBsjmEQ,ESPORT7 MEDIA TOURNAMENT - LOWER BRACKET FINAL - NTMC 2 VS MOLA LEGENDS - GAME 3,"Mar 3, 2023",4139,1.23,55,0:02:18,2.1117
nfDZJl-QuNQ,[LIVE] FUN MATCH MOBILE LEGENDS - RTV VS T7 ESPORT | ESPORTS TRANS7,,156,25.64,54,0:03:39,3.2992
NMulo7WDqtY,ESPORT7 MEDIA TOURNAMENT - UPPER BRACKET SEMI FINAL - DETIKCOM YORU VS MOLA LEGENDS - GAME 1,"Feb 27, 2023",2047,1.91,51,0:01:53,1.6107
zXf1HONRzZ8,[LIVE] FUN MATCH MAGIC CHESS MOBILE LEGENDS | ESPORTS TRANS7,"Jan 10, 2023",1176,3.06,51,0:02:41,2.2858
XckYMdl74uk,ESPORT7 MEDIA TOURNAMENT - DETIKOM GOGO VS MOLA LEGENDS - GAME 2,"Feb 22, 2023",1809,1.93,45,0:01:29,1.1129
4qPDiFB9PIU,ESPORT7 MEDIA TOURNAMENT - LOWER BRACKET SEMI FINAL - INEWS TV VS MOLA LEGENDS - GAME 3,"Mar 2, 2023",2828,1.41,44,0:04:28,3.2808
U8d3lzE9TWU,ESPORT7 MEDIA TOURNAMENT - UPPER BRACKET SEMI FINAL - NTMC 2 VS INEWS TV - GAME 1,"Feb 28, 2023",3842,0.99,44,0:00:59,0.7323
dpdqav-Hk74,ESPORT7 MEDIA TOURNAMENT - UPPER BRACKET FINAL - DETIKCOM YORU VS NTMC 2 - GAME 1,"Mar 1, 2023",3515,0.91,39,0:02:05,1.3636
e091-w1_Vts,ESPORT7 RAMADAN CUP 2023 MOBILE LEGENDS - DETIKCOM YORU,"Apr 14, 2023",941,3.61,39,0:00:44,0.4828
 -YWjv85xaVI,[LIVE] FUN MATCH MOBILE LEGENDS - SENSEI COMPANY VS DETIK.COM | ESPORTS TRANS7,,201,8.96,38,0:00:56,0.5941
hnJ57eXLP0M,NGABUBURIT BARENG TRANS7 | MOBILE LEGENDS,"Apr 8, 2022",395,6.33,36,0:01:00,0.6062
__iEXrLhEvY,ESPORT7 MEDIA TOURNAMENT - UPPER BRACKET SEMI FINAL - NTMC 2 VS INEWS TV - GAME 2,"Feb 28, 2023",2514,1.19,35,0:01:09,0.6774
0mDXte7fF4I,ESPORT7 MEDIA TOURNAMENT - UPPER BRACKET SEMI FINAL - NTMC 2 VS INEWS TV - GAME 3,"Feb 28, 2023",4101,0.61,31,0:01:24,0.7274
KZHludNmCB0,ESPORT7 MEDIA TOURNAMENT - LOWER BRACKET FINAL - NTMC 2 VS MOLA LEGENDS - GAME 2,"Mar 3, 2023",2110,0.9,27,0:02:32,1.1449
UFX7r0Lf8ME,ESPORT7 MEDIA TOURNAMENT - LOWER BRACKET SEMI FINAL - INEWS TV VS MOLA LEGENDS - GAME 1,"Mar 2, 2023",3228,0.71,25,0:02:02,0.8512
zdoidt-qYPA,ESPORT7 MEDIA TOURNAMENT - LOWER BRACKET FINAL - NTMC 2 VS MOLA LEGENDS - GAME 1,"Mar 3, 2023",2397,0.96,25,0:02:32,1.0596
sESFVC_8WRU,NGABUBURIT BARENG TRANS7 | MOBILE LEGENDS,"Apr 7, 2022",403,4.22,22,0:02:10,0.799
78VJEKYf66g,[LIVE] FUN MATCH MOBILE LEGENDS - SCTV + INDOSIAR VS T7 ESPORT | ESPORTS TRANS7,"Feb 2, 2023",177,7.34,18,0:00:21,0.1059
Y44a3tGTUFg,NGABUBURIT BARENG TRANS7 | MOBILE LEGENDS,"Apr 5, 2022",333,3.3,15,0:00:45,0.1895
3MqWApl77ZM,ESPORT7 MEDIA TOURNAMENT - LOWER BRACKET SEMI FINAL - INEWS TV VS MOLA LEGENDS - GAME 2,"Mar 2, 2023",1850,0.49,12,0:03:24,0.6821
dQMXKnAAMPc,NGABUBURIT BARENG TRANS7 | MOBILE LEGENDS,"Apr 6, 2022",305,1.97,9,0:00:08,0.0207
AdEQTAHJfWQ,FUN MATCH MOBILE LEGENDS ESPORT7 #esport7official #mobilelegends #funmatch,"May 19, 2023",17,11.76,4,0:00:05,0.0057
